date,product_id,product_name,sales,inventory_level
2024-11-29 05:19:18.312748,P001,Gaming Laptop,24,176
2024-11-30 05:19:18.312748,P001,Gaming Laptop,18,158
2024-12-01 05:19:18.312748,P001,Gaming Laptop,26,132
2024-12-02 05:19:18.312748,P001,Gaming Laptop,35,97
2024-12-03 05:19:18.312748,P001,Gaming Laptop,18,79
2024-12-04 05:19:18.312748,P001,Gaming Laptop,18,61
2024-12-05 05:19:18.312748,P001,Gaming Laptop,37,124
2024-12-06 05:19:18.312748,P001,Gaming Laptop,29,95
2024-12-07 05:19:18.312748,P001,Gaming Laptop,16,79
2024-12-08 05:19:18.312748,P001,Gaming Laptop,27,52
2024-12-09 05:19:18.312748,P001,Gaming Laptop,17,135
2024-12-10 05:19:18.312748,P001,Gaming Laptop,17,118
2024-12-11 05:19:18.312748,P001,Gaming Laptop,24,94
2024-12-12 05:19:18.312748,P001,Gaming Laptop,3,91
2024-12-13 05:19:18.312748,P001,Gaming Laptop,5,86
2024-12-14 05:19:18.312748,P001,Gaming Laptop,17,69
2024-12-15 05:19:18.312748,P001,Gaming Laptop,13,56
2024-12-16 05:19:18.312748,P001,Gaming Laptop,26,130
2024-12-17 05:19:18.312748,P001,Gaming Laptop,14,116
2024-12-18 05:19:18.312748,P001,Gaming Laptop,9,107
2024-12-19 05:19:18.312748,P001,Gaming Laptop,38,69
2024-12-20 05:19:18.312748,P001,Gaming Laptop,21,48
2024-12-21 05:19:18.312748,P001,Gaming Laptop,24,124
2024-12-22 05:19:18.312748,P001,Gaming Laptop,10,114
2024-12-23 05:19:18.312748,P001,Gaming Laptop,18,96
2024-12-24 05:19:18.312748,P001,Gaming Laptop,25,71
2024-12-25 05:19:18.312748,P001,Gaming Laptop,13,58
2024-12-26 05:19:18.312748,P001,Gaming Laptop,28,130
2024-12-27 05:19:18.312748,P001,Gaming Laptop,18,112
2024-12-28 05:19:18.312748,P001,Gaming Laptop,22,90
2024-12-29 05:19:18.312748,P001,Gaming Laptop,19,71
2024-12-30 05:19:18.312748,P001,Gaming Laptop,43,128
2024-12-31 05:19:18.312748,P001,Gaming Laptop,25,103
2025-01-01 05:19:18.312748,P001,Gaming Laptop,14,89
2025-01-02 05:19:18.312748,P001,Gaming Laptop,33,56
2025-01-03 05:19:18.312748,P001,Gaming Laptop,13,43
2025-01-04 05:19:18.312748,P001,Gaming Laptop,27,116
2025-01-05 05:19:18.312748,P001,Gaming Laptop,6,110
2025-01-06 05:19:18.312748,P001,Gaming Laptop,12,98
2025-01-07 05:19:18.312748,P001,Gaming Laptop,27,71
2025-01-08 05:19:18.312748,P001,Gaming Laptop,33,138
2025-01-09 05:19:18.312748,P001,Gaming Laptop,27,111
2025-01-10 05:19:18.312748,P001,Gaming Laptop,24,87
2025-01-11 05:19:18.312748,P001,Gaming Laptop,22,65
2025-01-12 05:19:18.312748,P001,Gaming Laptop,11,54
2025-01-13 05:19:18.312748,P001,Gaming Laptop,18,136
2025-01-14 05:19:18.312748,P001,Gaming Laptop,21,115
2025-01-15 05:19:18.312748,P001,Gaming Laptop,36,79
2025-01-16 05:19:18.312748,P001,Gaming Laptop,29,50
2025-01-17 05:19:18.312748,P001,Gaming Laptop,8,42
2025-01-18 05:19:18.312748,P001,Gaming Laptop,29,113
2025-01-19 05:19:18.312748,P001,Gaming Laptop,22,91
2025-01-20 05:19:18.312748,P001,Gaming Laptop,19,72
2025-01-21 05:19:18.312748,P001,Gaming Laptop,31,41
2025-01-22 05:19:18.312748,P001,Gaming Laptop,36,105
2025-01-23 05:19:18.312748,P001,Gaming Laptop,34,71
2025-01-24 05:19:18.312748,P001,Gaming Laptop,17,54
2025-01-25 05:19:18.312748,P001,Gaming Laptop,22,132
2025-01-26 05:19:18.312748,P001,Gaming Laptop,28,104
2025-01-27 05:19:18.312748,P001,Gaming Laptop,35,69
2025-01-28 05:19:18.312748,P001,Gaming Laptop,20,49
2025-01-29 05:19:18.312748,P001,Gaming Laptop,23,126
2025-01-30 05:19:18.312748,P001,Gaming Laptop,13,113
2025-01-31 05:19:18.312748,P001,Gaming Laptop,12,101
2025-02-01 05:19:18.312748,P001,Gaming Laptop,32,69
2025-02-02 05:19:18.312748,P001,Gaming Laptop,38,131
2025-02-03 05:19:18.312748,P001,Gaming Laptop,23,108
2025-02-04 05:19:18.312748,P001,Gaming Laptop,34,74
2025-02-05 05:19:18.312748,P001,Gaming Laptop,27,47
2025-02-06 05:19:18.312748,P001,Gaming Laptop,17,130
2025-02-07 05:19:18.312748,P001,Gaming Laptop,27,103
2025-02-08 05:19:18.312748,P001,Gaming Laptop,39,64
2025-02-09 05:19:18.312748,P001,Gaming Laptop,23,41
2025-02-10 05:19:18.312748,P001,Gaming Laptop,39,102
2025-02-11 05:19:18.312748,P001,Gaming Laptop,0,102
2025-02-12 05:19:18.312748,P001,Gaming Laptop,31,71
2025-02-13 05:19:18.312748,P001,Gaming Laptop,23,48
2025-02-14 05:19:18.312748,P001,Gaming Laptop,19,129
2025-02-15 05:19:18.312748,P001,Gaming Laptop,23,106
2025-02-16 05:19:18.312748,P001,Gaming Laptop,2,104
2025-02-17 05:19:18.312748,P001,Gaming Laptop,20,84
2025-02-18 05:19:18.312748,P001,Gaming Laptop,25,59
2025-02-19 05:19:18.312748,P001,Gaming Laptop,36,123
2025-02-20 05:19:18.312748,P001,Gaming Laptop,16,107
2025-02-21 05:19:18.312748,P001,Gaming Laptop,13,94
2025-02-22 05:19:18.312748,P001,Gaming Laptop,16,78
2025-02-23 05:19:18.312748,P001,Gaming Laptop,30,48
2025-02-24 05:19:18.312748,P001,Gaming Laptop,24,124
2025-02-25 05:19:18.312748,P001,Gaming Laptop,15,109
2025-02-26 05:19:18.312748,P001,Gaming Laptop,25,84
2025-02-27 05:19:18.312748,P001,Gaming Laptop,21,63
2025-02-28 05:19:18.312748,P001,Gaming Laptop,29,134
2025-03-01 05:19:18.312748,P001,Gaming Laptop,12,122
2025-03-02 05:19:18.312748,P001,Gaming Laptop,16,106
2025-03-03 05:19:18.312748,P001,Gaming Laptop,15,91
2025-03-04 05:19:18.312748,P001,Gaming Laptop,4,87
2025-03-05 05:19:18.312748,P001,Gaming Laptop,21,66
2025-03-06 05:19:18.312748,P001,Gaming Laptop,21,45
2025-03-07 05:19:18.312748,P001,Gaming Laptop,18,127
2025-03-08 05:19:18.312748,P001,Gaming Laptop,16,111
2025-03-09 05:19:18.312748,P001,Gaming Laptop,4,107
2025-03-10 05:19:18.312748,P001,Gaming Laptop,13,94
2025-03-11 05:19:18.312748,P001,Gaming Laptop,14,80
2025-03-12 05:19:18.312748,P001,Gaming Laptop,9,71
2025-03-13 05:19:18.312748,P001,Gaming Laptop,15,56
2025-03-14 05:19:18.312748,P001,Gaming Laptop,21,135
2025-03-15 05:19:18.312748,P001,Gaming Laptop,35,100
2025-03-16 05:19:18.312748,P001,Gaming Laptop,18,82
2025-03-17 05:19:18.312748,P001,Gaming Laptop,19,63
2025-03-18 05:19:18.312748,P001,Gaming Laptop,15,48
2025-03-19 05:19:18.312748,P001,Gaming Laptop,0,48
2025-03-20 05:19:18.312748,P001,Gaming Laptop,15,133
2025-03-21 05:19:18.312748,P001,Gaming Laptop,16,117
2025-03-22 05:19:18.312748,P001,Gaming Laptop,40,77
2025-03-23 05:19:18.312748,P001,Gaming Laptop,13,64
2025-03-24 05:19:18.312748,P001,Gaming Laptop,18,46
2025-03-25 05:19:18.312748,P001,Gaming Laptop,15,131
2025-03-26 05:19:18.312748,P001,Gaming Laptop,3,128
2025-03-27 05:19:18.312748,P001,Gaming Laptop,26,102
2025-03-28 05:19:18.312748,P001,Gaming Laptop,22,80
2025-03-29 05:19:18.312748,P001,Gaming Laptop,22,58
2025-03-30 05:19:18.312748,P001,Gaming Laptop,5,53
2025-03-31 05:19:18.312748,P001,Gaming Laptop,28,125
2025-04-01 05:19:18.312748,P001,Gaming Laptop,0,125
2025-04-02 05:19:18.312748,P001,Gaming Laptop,20,105
2025-04-03 05:19:18.312748,P001,Gaming Laptop,36,69
2025-04-04 05:19:18.312748,P001,Gaming Laptop,4,65
2025-04-05 05:19:18.312748,P001,Gaming Laptop,8,57
2025-04-06 05:19:18.312748,P001,Gaming Laptop,15,42
2025-04-07 05:19:18.312748,P001,Gaming Laptop,9,133
2025-04-08 05:19:18.312748,P001,Gaming Laptop,0,133
2025-04-09 05:19:18.312748,P001,Gaming Laptop,14,119
2025-04-10 05:19:18.312748,P001,Gaming Laptop,3,116
2025-04-11 05:19:18.312748,P001,Gaming Laptop,18,98
2025-04-12 05:19:18.312748,P001,Gaming Laptop,4,94
2025-04-13 05:19:18.312748,P001,Gaming Laptop,29,65
2025-04-14 05:19:18.312748,P001,Gaming Laptop,6,59
2025-04-15 05:19:18.312748,P001,Gaming Laptop,10,49
2025-04-16 05:19:18.312748,P001,Gaming Laptop,22,127
2025-04-17 05:19:18.312748,P001,Gaming Laptop,1,126
2025-04-18 05:19:18.312748,P001,Gaming Laptop,16,110
2025-04-19 05:19:18.312748,P001,Gaming Laptop,27,83
2025-04-20 05:19:18.312748,P001,Gaming Laptop,0,83
2025-04-21 05:19:18.312748,P001,Gaming Laptop,15,68
2025-04-22 05:19:18.312748,P001,Gaming Laptop,16,52
2025-04-23 05:19:18.312748,P001,Gaming Laptop,22,130
2025-04-24 05:19:18.312748,P001,Gaming Laptop,1,129
2025-04-25 05:19:18.312748,P001,Gaming Laptop,1,128
2025-04-26 05:19:18.312748,P001,Gaming Laptop,19,109
2025-04-27 05:19:18.312748,P001,Gaming Laptop,17,92
2025-04-28 05:19:18.312748,P001,Gaming Laptop,57,135
2025-04-29 05:19:18.312748,P001,Gaming Laptop,58,77
2025-04-30 05:19:18.312748,P001,Gaming Laptop,48,129
2025-05-01 05:19:18.312748,P001,Gaming Laptop,57,72
2025-05-02 05:19:18.312748,P001,Gaming Laptop,57,115
2025-05-03 05:19:18.312748,P001,Gaming Laptop,48,67
2025-05-04 05:19:18.312748,P001,Gaming Laptop,73,100
2025-05-05 05:19:18.312748,P001,Gaming Laptop,60,40
2025-05-06 05:19:18.312748,P001,Gaming Laptop,43,100
2025-05-07 05:19:18.312748,P001,Gaming Laptop,62,138
2025-05-08 05:19:18.312748,P001,Gaming Laptop,46,92
2025-05-09 05:19:18.312748,P001,Gaming Laptop,63,129
2025-05-10 05:19:18.312748,P001,Gaming Laptop,67,62
2025-05-11 05:19:18.312748,P001,Gaming Laptop,48,114
2025-05-12 05:19:18.312748,P001,Gaming Laptop,66,48
2025-05-13 05:19:18.312748,P001,Gaming Laptop,60,100
2025-05-14 05:19:18.312748,P001,Gaming Laptop,65,135
2025-05-15 05:19:18.312748,P001,Gaming Laptop,75,60
2025-05-16 05:19:18.312748,P001,Gaming Laptop,54,106
2025-05-17 05:19:18.312748,P001,Gaming Laptop,49,57
2025-05-18 05:19:18.312748,P001,Gaming Laptop,48,109
2025-05-19 05:19:18.312748,P001,Gaming Laptop,49,60
2025-05-20 05:19:18.312748,P001,Gaming Laptop,57,103
2025-05-21 05:19:18.312748,P001,Gaming Laptop,61,42
2025-05-22 05:19:18.312748,P001,Gaming Laptop,61,100
2025-05-23 05:19:18.312748,P001,Gaming Laptop,66,134
2025-05-24 05:19:18.312748,P001,Gaming Laptop,58,76
2025-05-25 05:19:18.312748,P001,Gaming Laptop,73,103
2025-05-26 05:19:18.312748,P001,Gaming Laptop,56,47
2025-05-27 05:19:18.312748,P001,Gaming Laptop,86,100
2025-05-28 05:19:18.312748,P001,Gaming Laptop,25,75
2025-05-29 05:19:18.312748,P001,Gaming Laptop,11,64
2025-05-30 05:19:18.312748,P001,Gaming Laptop,9,55
2025-05-31 05:19:18.312748,P001,Gaming Laptop,25,130
2025-06-01 05:19:18.312748,P001,Gaming Laptop,18,112
2025-06-02 05:19:18.312748,P001,Gaming Laptop,27,85
2025-06-03 05:19:18.312748,P001,Gaming Laptop,25,60
2025-06-04 05:19:18.312748,P001,Gaming Laptop,20,40
2025-06-05 05:19:18.312748,P001,Gaming Laptop,12,128
2025-06-06 05:19:18.312748,P001,Gaming Laptop,6,122
2025-06-07 05:19:18.312748,P001,Gaming Laptop,17,105
2025-06-08 05:19:18.312748,P001,Gaming Laptop,30,75
2025-06-09 05:19:18.312748,P001,Gaming Laptop,24,51
2025-06-10 05:19:18.312748,P001,Gaming Laptop,9,42
2025-06-11 05:19:18.312748,P001,Gaming Laptop,24,118
2025-06-12 05:19:18.312748,P001,Gaming Laptop,26,92
2025-06-13 05:19:18.312748,P001,Gaming Laptop,13,79
2025-06-14 05:19:18.312748,P001,Gaming Laptop,24,55
2025-06-15 05:19:18.312748,P001,Gaming Laptop,23,132
2025-06-16 05:19:18.312748,P001,Gaming Laptop,11,121
2025-06-17 05:19:18.312748,P001,Gaming Laptop,27,94
2025-06-18 05:19:18.312748,P001,Gaming Laptop,29,65
2025-06-19 05:19:18.312748,P001,Gaming Laptop,34,131
2025-06-20 05:19:18.312748,P001,Gaming Laptop,34,97
2025-06-21 05:19:18.312748,P001,Gaming Laptop,10,87
2025-06-22 05:19:18.312748,P001,Gaming Laptop,14,73
2025-06-23 05:19:18.312748,P001,Gaming Laptop,29,44
2025-06-24 05:19:18.312748,P001,Gaming Laptop,29,115
2025-06-25 05:19:18.312748,P001,Gaming Laptop,29,86
2025-06-26 05:19:18.312748,P001,Gaming Laptop,63,123
2025-06-27 05:19:18.312748,P001,Gaming Laptop,30,93
2025-06-28 05:19:18.312748,P001,Gaming Laptop,36,57
2025-06-29 05:19:18.312748,P001,Gaming Laptop,34,123
2025-06-30 05:19:18.312748,P001,Gaming Laptop,31,92
2025-07-01 05:19:18.312748,P001,Gaming Laptop,22,70
2025-07-02 05:19:18.312748,P001,Gaming Laptop,33,137
2025-07-03 05:19:18.312748,P001,Gaming Laptop,17,120
2025-07-04 05:19:18.312748,P001,Gaming Laptop,23,97
2025-07-05 05:19:18.312748,P001,Gaming Laptop,20,77
2025-07-06 05:19:18.312748,P001,Gaming Laptop,26,51
2025-07-07 05:19:18.312748,P001,Gaming Laptop,48,103
2025-07-08 05:19:18.312748,P001,Gaming Laptop,7,96
2025-07-09 05:19:18.312748,P001,Gaming Laptop,32,64
2025-07-10 05:19:18.312748,P001,Gaming Laptop,9,55
2025-07-11 05:19:18.312748,P001,Gaming Laptop,21,134
2025-07-12 05:19:18.312748,P001,Gaming Laptop,36,98
2025-07-13 05:19:18.312748,P001,Gaming Laptop,26,72
2025-07-14 05:19:18.312748,P001,Gaming Laptop,15,57
2025-07-15 05:19:18.312748,P001,Gaming Laptop,18,139
2025-07-16 05:19:18.312748,P001,Gaming Laptop,32,107
2025-07-17 05:19:18.312748,P001,Gaming Laptop,18,89
2025-07-18 05:19:18.312748,P001,Gaming Laptop,28,61
2025-07-19 05:19:18.312748,P001,Gaming Laptop,26,135
2025-07-20 05:19:18.312748,P001,Gaming Laptop,19,116
2025-07-21 05:19:18.312748,P001,Gaming Laptop,47,69
2025-07-22 05:19:18.312748,P001,Gaming Laptop,32,137
2025-07-23 05:19:18.312748,P001,Gaming Laptop,5,132
2025-07-24 05:19:18.312748,P001,Gaming Laptop,27,105
2025-07-25 05:19:18.312748,P001,Gaming Laptop,18,87
2025-07-26 05:19:18.312748,P001,Gaming Laptop,34,53
2025-07-27 05:19:18.312748,P001,Gaming Laptop,17,136
2025-07-28 05:19:18.312748,P001,Gaming Laptop,24,112
2025-07-29 05:19:18.312748,P001,Gaming Laptop,30,82
2025-07-30 05:19:18.312748,P001,Gaming Laptop,33,49
2025-07-31 05:19:18.312748,P001,Gaming Laptop,13,136
2025-08-01 05:19:18.312748,P001,Gaming Laptop,21,115
2025-08-02 05:19:18.312748,P001,Gaming Laptop,20,95
2025-08-03 05:19:18.312748,P001,Gaming Laptop,18,77
2025-08-04 05:19:18.312748,P001,Gaming Laptop,42,135
2025-08-05 05:19:18.312748,P001,Gaming Laptop,28,107
2025-08-06 05:19:18.312748,P001,Gaming Laptop,11,96
2025-08-07 05:19:18.312748,P001,Gaming Laptop,33,63
2025-08-08 05:19:18.312748,P001,Gaming Laptop,45,118
2025-08-09 05:19:18.312748,P001,Gaming Laptop,34,84
2025-08-10 05:19:18.312748,P001,Gaming Laptop,8,76
2025-08-11 05:19:18.312748,P001,Gaming Laptop,18,58
2025-08-12 05:19:18.312748,P001,Gaming Laptop,35,123
2025-08-13 05:19:18.312748,P001,Gaming Laptop,16,107
2025-08-14 05:19:18.312748,P001,Gaming Laptop,27,80
2025-08-15 05:19:18.312748,P001,Gaming Laptop,30,50
2025-08-16 05:19:18.312748,P001,Gaming Laptop,13,137
2025-08-17 05:19:18.312748,P001,Gaming Laptop,21,116
2025-08-18 05:19:18.312748,P001,Gaming Laptop,0,116
2025-08-19 05:19:18.312748,P001,Gaming Laptop,11,105
2025-08-20 05:19:18.312748,P001,Gaming Laptop,19,86
2025-08-21 05:19:18.312748,P001,Gaming Laptop,9,77
2025-08-22 05:19:18.312748,P001,Gaming Laptop,37,40
2025-08-23 05:19:18.312748,P001,Gaming Laptop,6,134
2025-08-24 05:19:18.312748,P001,Gaming Laptop,16,118
2025-08-25 05:19:18.312748,P001,Gaming Laptop,22,96
2025-08-26 05:19:18.312748,P001,Gaming Laptop,35,61
2025-08-27 05:19:18.312748,P001,Gaming Laptop,6,55
2025-08-28 05:19:18.312748,P001,Gaming Laptop,31,124
2025-08-29 05:19:18.312748,P001,Gaming Laptop,20,104
2025-08-30 05:19:18.312748,P001,Gaming Laptop,9,95
2025-08-31 05:19:18.312748,P001,Gaming Laptop,24,71
2025-09-01 05:19:18.312748,P001,Gaming Laptop,21,50
2025-09-02 05:19:18.312748,P001,Gaming Laptop,13,137
2025-09-03 05:19:18.312748,P001,Gaming Laptop,19,118
2025-09-04 05:19:18.312748,P001,Gaming Laptop,14,104
2025-09-05 05:19:18.312748,P001,Gaming Laptop,19,85
2025-09-06 05:19:18.312748,P001,Gaming Laptop,24,61
2025-09-07 05:19:18.312748,P001,Gaming Laptop,34,127
2025-09-08 05:19:18.312748,P001,Gaming Laptop,5,122
2025-09-09 05:19:18.312748,P001,Gaming Laptop,39,83
2025-09-10 05:19:18.312748,P001,Gaming Laptop,0,83
2025-09-11 05:19:18.312748,P001,Gaming Laptop,15,68
2025-09-12 05:19:18.312748,P001,Gaming Laptop,23,45
2025-09-13 05:19:18.312748,P001,Gaming Laptop,19,126
2025-09-14 05:19:18.312748,P001,Gaming Laptop,10,116
2025-09-15 05:19:18.312748,P001,Gaming Laptop,14,102
2025-09-16 05:19:18.312748,P001,Gaming Laptop,11,91
2025-09-17 05:19:18.312748,P001,Gaming Laptop,10,81
2025-09-18 05:19:18.312748,P001,Gaming Laptop,24,57
2025-09-19 05:19:18.312748,P001,Gaming Laptop,19,138
2025-09-20 05:19:18.312748,P001,Gaming Laptop,8,130
2025-09-21 05:19:18.312748,P001,Gaming Laptop,24,106
2025-09-22 05:19:18.312748,P001,Gaming Laptop,18,88
2025-09-23 05:19:18.312748,P001,Gaming Laptop,23,65
2025-09-24 05:19:18.312748,P001,Gaming Laptop,21,44
2025-09-25 05:19:18.312748,P001,Gaming Laptop,6,138
2025-09-26 05:19:18.312748,P001,Gaming Laptop,9,129
2025-09-27 05:19:18.312748,P001,Gaming Laptop,22,107
2025-09-28 05:19:18.312748,P001,Gaming Laptop,20,87
2025-09-29 05:19:18.312748,P001,Gaming Laptop,14,73
2025-09-30 05:19:18.312748,P001,Gaming Laptop,15,58
2025-10-01 05:19:18.312748,P001,Gaming Laptop,27,131
2025-10-02 05:19:18.312748,P001,Gaming Laptop,8,123
2025-10-03 05:19:18.312748,P001,Gaming Laptop,19,104
2025-10-04 05:19:18.312748,P001,Gaming Laptop,12,92
2025-10-05 05:19:18.312748,P001,Gaming Laptop,12,80
2025-10-06 05:19:18.312748,P001,Gaming Laptop,25,55
2025-10-07 05:19:18.312748,P001,Gaming Laptop,22,133
2025-10-08 05:19:18.312748,P001,Gaming Laptop,22,111
2025-10-09 05:19:18.312748,P001,Gaming Laptop,27,84
2025-10-10 05:19:18.312748,P001,Gaming Laptop,14,70
2025-10-11 05:19:18.312748,P001,Gaming Laptop,20,50
2025-10-12 05:19:18.312748,P001,Gaming Laptop,10,40
2025-10-13 05:19:18.312748,P001,Gaming Laptop,17,123
2025-10-14 05:19:18.312748,P001,Gaming Laptop,12,111
2025-10-15 05:19:18.312748,P001,Gaming Laptop,14,97
2025-10-16 05:19:18.312748,P001,Gaming Laptop,19,78
2025-10-17 05:19:18.312748,P001,Gaming Laptop,5,73
2025-10-18 05:19:18.312748,P001,Gaming Laptop,34,139
2025-10-19 05:19:18.312748,P001,Gaming Laptop,4,135
2025-10-20 05:19:18.312748,P001,Gaming Laptop,2,133
2025-10-21 05:19:18.312748,P001,Gaming Laptop,25,108
2025-10-22 05:19:18.312748,P001,Gaming Laptop,22,86
2025-10-23 05:19:18.312748,P001,Gaming Laptop,20,66
2025-10-24 05:19:18.312748,P001,Gaming Laptop,20,46
2025-10-25 05:19:18.312748,P001,Gaming Laptop,14,132
2025-10-26 05:19:18.312748,P001,Gaming Laptop,5,127
2025-10-27 05:19:18.312748,P001,Gaming Laptop,15,112
2025-10-28 05:19:18.312748,P001,Gaming Laptop,7,105
2025-10-29 05:19:18.312748,P001,Gaming Laptop,24,81
2025-10-30 05:19:18.312748,P001,Gaming Laptop,13,68
2025-10-31 05:19:18.312748,P001,Gaming Laptop,6,62
2025-11-01 05:19:18.312748,P001,Gaming Laptop,11,51
2025-11-02 05:19:18.312748,P001,Gaming Laptop,19,132
2025-11-03 05:19:18.312748,P001,Gaming Laptop,9,123
2025-11-04 05:19:18.312748,P001,Gaming Laptop,7,116
2025-11-05 05:19:18.312748,P001,Gaming Laptop,18,98
2025-11-06 05:19:18.312748,P001,Gaming Laptop,18,80
2025-11-07 05:19:18.312748,P001,Gaming Laptop,10,70
2025-11-08 05:19:18.312748,P001,Gaming Laptop,11,59
2025-11-09 05:19:18.312748,P001,Gaming Laptop,18,41
2025-11-10 05:19:18.312748,P001,Gaming Laptop,2,139
2025-11-11 05:19:18.312748,P001,Gaming Laptop,2,137
2025-11-12 05:19:18.312748,P001,Gaming Laptop,9,128
2025-11-13 05:19:18.312748,P001,Gaming Laptop,14,114
2025-11-14 05:19:18.312748,P001,Gaming Laptop,20,94
2025-11-15 05:19:18.312748,P001,Gaming Laptop,32,62
2025-11-16 05:19:18.312748,P001,Gaming Laptop,26,136
2025-11-17 05:19:18.312748,P001,Gaming Laptop,16,120
2025-11-18 05:19:18.312748,P001,Gaming Laptop,17,103
2025-11-19 05:19:18.312748,P001,Gaming Laptop,8,95
2025-11-20 05:19:18.312748,P001,Gaming Laptop,18,77
2025-11-21 05:19:18.312748,P001,Gaming Laptop,15,62
2025-11-22 05:19:18.312748,P001,Gaming Laptop,21,41
2025-11-23 05:19:18.312748,P001,Gaming Laptop,10,131
2025-11-24 05:19:18.312748,P001,Gaming Laptop,24,107
2025-11-25 05:19:18.312748,P001,Gaming Laptop,34,73
2025-11-26 05:19:18.312748,P001,Gaming Laptop,18,55
2025-11-27 05:19:18.312748,P001,Gaming Laptop,23,132
2025-11-28 05:19:18.312748,P001,Gaming Laptop,26,106
2024-11-29 05:19:18.312748,P002,Office Chair,13,137
2024-11-30 05:19:18.312748,P002,Office Chair,15,122
2024-12-01 05:19:18.312748,P002,Office Chair,15,107
2024-12-02 05:19:18.312748,P002,Office Chair,15,92
2024-12-03 05:19:18.312748,P002,Office Chair,13,79
2024-12-04 05:19:18.312748,P002,Office Chair,15,64
2024-12-05 05:19:18.312748,P002,Office Chair,17,47
2024-12-06 05:19:18.312748,P002,Office Chair,20,102
2024-12-07 05:19:18.312748,P002,Office Chair,19,83
2024-12-08 05:19:18.312748,P002,Office Chair,22,61
2024-12-09 05:19:18.312748,P002,Office Chair,14,47
2024-12-10 05:19:18.312748,P002,Office Chair,19,103
2024-12-11 05:19:18.312748,P002,Office Chair,17,86
2024-12-12 05:19:18.312748,P002,Office Chair,23,63
2024-12-13 05:19:18.312748,P002,Office Chair,14,49
2024-12-14 05:19:18.312748,P002,Office Chair,14,35
2024-12-15 05:19:18.312748,P002,Office Chair,15,95
2024-12-16 05:19:18.312748,P002,Office Chair,11,84
2024-12-17 05:19:18.312748,P002,Office Chair,16,68
2024-12-18 05:19:18.312748,P002,Office Chair,15,53
2024-12-19 05:19:18.312748,P002,Office Chair,18,35
2024-12-20 05:19:18.312748,P002,Office Chair,19,91
2024-12-21 05:19:18.312748,P002,Office Chair,23,68
2024-12-22 05:19:18.312748,P002,Office Chair,21,47
2024-12-23 05:19:18.312748,P002,Office Chair,16,31
2024-12-24 05:19:18.312748,P002,Office Chair,15,91
2024-12-25 05:19:18.312748,P002,Office Chair,19,72
2024-12-26 05:19:18.312748,P002,Office Chair,14,58
2024-12-27 05:19:18.312748,P002,Office Chair,24,34
2024-12-28 05:19:18.312748,P002,Office Chair,22,87
2024-12-29 05:19:18.312748,P002,Office Chair,17,70
2024-12-30 05:19:18.312748,P002,Office Chair,13,57
2024-12-31 05:19:18.312748,P002,Office Chair,23,34
2025-01-01 05:19:18.312748,P002,Office Chair,18,91
2025-01-02 05:19:18.312748,P002,Office Chair,22,69
2025-01-03 05:19:18.312748,P002,Office Chair,14,55
2025-01-04 05:19:18.312748,P002,Office Chair,17,38
2025-01-05 05:19:18.312748,P002,Office Chair,19,94
2025-01-06 05:19:18.312748,P002,Office Chair,19,75
2025-01-07 05:19:18.312748,P002,Office Chair,18,57
2025-01-08 05:19:18.312748,P002,Office Chair,21,36
2025-01-09 05:19:18.312748,P002,Office Chair,16,95
2025-01-10 05:19:18.312748,P002,Office Chair,19,76
2025-01-11 05:19:18.312748,P002,Office Chair,19,57
2025-01-12 05:19:18.312748,P002,Office Chair,21,36
2025-01-13 05:19:18.312748,P002,Office Chair,21,90
2025-01-14 05:19:18.312748,P002,Office Chair,16,74
2025-01-15 05:19:18.312748,P002,Office Chair,14,60
2025-01-16 05:19:18.312748,P002,Office Chair,23,37
2025-01-17 05:19:18.312748,P002,Office Chair,20,92
2025-01-18 05:19:18.312748,P002,Office Chair,17,75
2025-01-19 05:19:18.312748,P002,Office Chair,24,51
2025-01-20 05:19:18.312748,P002,Office Chair,19,32
2025-01-21 05:19:18.312748,P002,Office Chair,22,85
2025-01-22 05:19:18.312748,P002,Office Chair,19,66
2025-01-23 05:19:18.312748,P002,Office Chair,25,41
2025-01-24 05:19:18.312748,P002,Office Chair,24,92
2025-01-25 05:19:18.312748,P002,Office Chair,18,74
2025-01-26 05:19:18.312748,P002,Office Chair,22,52
2025-01-27 05:19:18.312748,P002,Office Chair,20,32
2025-01-28 05:19:18.312748,P002,Office Chair,23,84
2025-01-29 05:19:18.312748,P002,Office Chair,15,69
2025-01-30 05:19:18.312748,P002,Office Chair,20,49
2025-01-31 05:19:18.312748,P002,Office Chair,21,103
2025-02-01 05:19:18.312748,P002,Office Chair,13,90
2025-02-02 05:19:18.312748,P002,Office Chair,14,76
2025-02-03 05:19:18.312748,P002,Office Chair,12,64
2025-02-04 05:19:18.312748,P002,Office Chair,17,47
2025-02-05 05:19:18.312748,P002,Office Chair,20,102
2025-02-06 05:19:18.312748,P002,Office Chair,22,80
2025-02-07 05:19:18.312748,P002,Office Chair,18,62
2025-02-08 05:19:18.312748,P002,Office Chair,22,40
2025-02-09 05:19:18.312748,P002,Office Chair,13,102
2025-02-10 05:19:18.312748,P002,Office Chair,12,90
2025-02-11 05:19:18.312748,P002,Office Chair,17,73
2025-02-12 05:19:18.312748,P002,Office Chair,18,55
2025-02-13 05:19:18.312748,P002,Office Chair,17,38
2025-02-14 05:19:18.312748,P002,Office Chair,10,103
2025-02-15 05:19:18.312748,P002,Office Chair,16,87
2025-02-16 05:19:18.312748,P002,Office Chair,12,75
2025-02-17 05:19:18.312748,P002,Office Chair,18,57
2025-02-18 05:19:18.312748,P002,Office Chair,17,40
2025-02-19 05:19:18.312748,P002,Office Chair,13,102
2025-02-20 05:19:18.312748,P002,Office Chair,14,88
2025-02-21 05:19:18.312748,P002,Office Chair,12,76
2025-02-22 05:19:18.312748,P002,Office Chair,15,61
2025-02-23 05:19:18.312748,P002,Office Chair,18,43
2025-02-24 05:19:18.312748,P002,Office Chair,12,31
2025-02-25 05:19:18.312748,P002,Office Chair,16,90
2025-02-26 05:19:18.312748,P002,Office Chair,13,77
2025-02-27 05:19:18.312748,P002,Office Chair,12,65
2025-02-28 05:19:18.312748,P002,Office Chair,14,51
2025-03-01 05:19:18.312748,P002,Office Chair,11,40
2025-03-02 05:19:18.312748,P002,Office Chair,13,102
2025-03-03 05:19:18.312748,P002,Office Chair,10,92
2025-03-04 05:19:18.312748,P002,Office Chair,20,72
2025-03-05 05:19:18.312748,P002,Office Chair,14,58
2025-03-06 05:19:18.312748,P002,Office Chair,11,47
2025-03-07 05:19:18.312748,P002,Office Chair,14,33
2025-03-08 05:19:18.312748,P002,Office Chair,13,95
2025-03-09 05:19:18.312748,P002,Office Chair,12,83
2025-03-10 05:19:18.312748,P002,Office Chair,15,68
2025-03-11 05:19:18.312748,P002,Office Chair,15,53
2025-03-12 05:19:18.312748,P002,Office Chair,11,42
2025-03-13 05:19:18.312748,P002,Office Chair,11,31
2025-03-14 05:19:18.312748,P002,Office Chair,12,94
2025-03-15 05:19:18.312748,P002,Office Chair,5,89
2025-03-16 05:19:18.312748,P002,Office Chair,8,81
2025-03-17 05:19:18.312748,P002,Office Chair,16,65
2025-03-18 05:19:18.312748,P002,Office Chair,17,48
2025-03-19 05:19:18.312748,P002,Office Chair,11,37
2025-03-20 05:19:18.312748,P002,Office Chair,13,99
2025-03-21 05:19:18.312748,P002,Office Chair,12,87
2025-03-22 05:19:18.312748,P002,Office Chair,21,66
2025-03-23 05:19:18.312748,P002,Office Chair,15,51
2025-03-24 05:19:18.312748,P002,Office Chair,11,40
2025-03-25 05:19:18.312748,P002,Office Chair,8,32
2025-03-26 05:19:18.312748,P002,Office Chair,6,101
2025-03-27 05:19:18.312748,P002,Office Chair,11,90
2025-03-28 05:19:18.312748,P002,Office Chair,9,81
2025-03-29 05:19:18.312748,P002,Office Chair,6,75
2025-03-30 05:19:18.312748,P002,Office Chair,9,66
2025-03-31 05:19:18.312748,P002,Office Chair,7,59
2025-04-01 05:19:18.312748,P002,Office Chair,16,43
2025-04-02 05:19:18.312748,P002,Office Chair,13,30
2025-04-03 05:19:18.312748,P002,Office Chair,10,95
2025-04-04 05:19:18.312748,P002,Office Chair,15,80
2025-04-05 05:19:18.312748,P002,Office Chair,10,70
2025-04-06 05:19:18.312748,P002,Office Chair,8,62
2025-04-07 05:19:18.312748,P002,Office Chair,15,47
2025-04-08 05:19:18.312748,P002,Office Chair,12,35
2025-04-09 05:19:18.312748,P002,Office Chair,7,103
2025-04-10 05:19:18.312748,P002,Office Chair,9,94
2025-04-11 05:19:18.312748,P002,Office Chair,7,87
2025-04-12 05:19:18.312748,P002,Office Chair,6,81
2025-04-13 05:19:18.312748,P002,Office Chair,13,68
2025-04-14 05:19:18.312748,P002,Office Chair,16,52
2025-04-15 05:19:18.312748,P002,Office Chair,6,46
2025-04-16 05:19:18.312748,P002,Office Chair,12,34
2025-04-17 05:19:18.312748,P002,Office Chair,8,101
2025-04-18 05:19:18.312748,P002,Office Chair,9,92
2025-04-19 05:19:18.312748,P002,Office Chair,8,84
2025-04-20 05:19:18.312748,P002,Office Chair,7,77
2025-04-21 05:19:18.312748,P002,Office Chair,10,67
2025-04-22 05:19:18.312748,P002,Office Chair,8,59
2025-04-23 05:19:18.312748,P002,Office Chair,11,48
2025-04-24 05:19:18.312748,P002,Office Chair,10,38
2025-04-25 05:19:18.312748,P002,Office Chair,10,103
2025-04-26 05:19:18.312748,P002,Office Chair,8,95
2025-04-27 05:19:18.312748,P002,Office Chair,9,86
2025-04-28 05:19:18.312748,P002,Office Chair,13,73
2025-04-29 05:19:18.312748,P002,Office Chair,12,61
2025-04-30 05:19:18.312748,P002,Office Chair,8,53
2025-05-01 05:19:18.312748,P002,Office Chair,11,42
2025-05-02 05:19:18.312748,P002,Office Chair,13,104
2025-05-03 05:19:18.312748,P002,Office Chair,6,98
2025-05-04 05:19:18.312748,P002,Office Chair,13,85
2025-05-05 05:19:18.312748,P002,Office Chair,9,76
2025-05-06 05:19:18.312748,P002,Office Chair,13,63
2025-05-07 05:19:18.312748,P002,Office Chair,9,54
2025-05-08 05:19:18.312748,P002,Office Chair,6,48
2025-05-09 05:19:18.312748,P002,Office Chair,7,41
2025-05-10 05:19:18.312748,P002,Office Chair,12,104
2025-05-11 05:19:18.312748,P002,Office Chair,13,91
2025-05-12 05:19:18.312748,P002,Office Chair,9,82
2025-05-13 05:19:18.312748,P002,Office Chair,14,68
2025-05-14 05:19:18.312748,P002,Office Chair,7,61
2025-05-15 05:19:18.312748,P002,Office Chair,12,49
2025-05-16 05:19:18.312748,P002,Office Chair,9,40
2025-05-17 05:19:18.312748,P002,Office Chair,11,104
2025-05-18 05:19:18.312748,P002,Office Chair,13,91
2025-05-19 05:19:18.312748,P002,Office Chair,10,81
2025-05-20 05:19:18.312748,P002,Office Chair,12,69
2025-05-21 05:19:18.312748,P002,Office Chair,16,53
2025-05-22 05:19:18.312748,P002,Office Chair,12,41
2025-05-23 05:19:18.312748,P002,Office Chair,16,100
2025-05-24 05:19:18.312748,P002,Office Chair,10,90
2025-05-25 05:19:18.312748,P002,Office Chair,15,75
2025-05-26 05:19:18.312748,P002,Office Chair,18,57
2025-05-27 05:19:18.312748,P002,Office Chair,7,50
2025-05-28 05:19:18.312748,P002,Office Chair,12,38
2025-05-29 05:19:18.312748,P002,Office Chair,16,97
2025-05-30 05:19:18.312748,P002,Office Chair,14,83
2025-05-31 05:19:18.312748,P002,Office Chair,16,67
2025-06-01 05:19:18.312748,P002,Office Chair,13,54
2025-06-02 05:19:18.312748,P002,Office Chair,15,39
2025-06-03 05:19:18.312748,P002,Office Chair,15,99
2025-06-04 05:19:18.312748,P002,Office Chair,19,80
2025-06-05 05:19:18.312748,P002,Office Chair,16,64
2025-06-06 05:19:18.312748,P002,Office Chair,17,47
2025-06-07 05:19:18.312748,P002,Office Chair,14,33
2025-06-08 05:19:18.312748,P002,Office Chair,14,94
2025-06-09 05:19:18.312748,P002,Office Chair,15,79
2025-06-10 05:19:18.312748,P002,Office Chair,17,62
2025-06-11 05:19:18.312748,P002,Office Chair,15,47
2025-06-12 05:19:18.312748,P002,Office Chair,17,30
2025-06-13 05:19:18.312748,P002,Office Chair,23,82
2025-06-14 05:19:18.312748,P002,Office Chair,19,63
2025-06-15 05:19:18.312748,P002,Office Chair,16,47
2025-06-16 05:19:18.312748,P002,Office Chair,21,101
2025-06-17 05:19:18.312748,P002,Office Chair,16,85
2025-06-18 05:19:18.312748,P002,Office Chair,11,74
2025-06-19 05:19:18.312748,P002,Office Chair,14,60
2025-06-20 05:19:18.312748,P002,Office Chair,12,48
2025-06-21 05:19:18.312748,P002,Office Chair,17,31
2025-06-22 05:19:18.312748,P002,Office Chair,18,88
2025-06-23 05:19:18.312748,P002,Office Chair,23,65
2025-06-24 05:19:18.312748,P002,Office Chair,19,46
2025-06-25 05:19:18.312748,P002,Office Chair,17,104
2025-06-26 05:19:18.312748,P002,Office Chair,21,83
2025-06-27 05:19:18.312748,P002,Office Chair,12,71
2025-06-28 05:19:18.312748,P002,Office Chair,19,52
2025-06-29 05:19:18.312748,P002,Office Chair,21,31
2025-06-30 05:19:18.312748,P002,Office Chair,14,92
2025-07-01 05:19:18.312748,P002,Office Chair,22,70
2025-07-02 05:19:18.312748,P002,Office Chair,20,50
2025-07-03 05:19:18.312748,P002,Office Chair,17,33
2025-07-04 05:19:18.312748,P002,Office Chair,21,87
2025-07-05 05:19:18.312748,P002,Office Chair,26,61
2025-07-06 05:19:18.312748,P002,Office Chair,19,42
2025-07-07 05:19:18.312748,P002,Office Chair,20,97
2025-07-08 05:19:18.312748,P002,Office Chair,18,79
2025-07-09 05:19:18.312748,P002,Office Chair,16,63
2025-07-10 05:19:18.312748,P002,Office Chair,21,42
2025-07-11 05:19:18.312748,P002,Office Chair,16,101
2025-07-12 05:19:18.312748,P002,Office Chair,19,82
2025-07-13 05:19:18.312748,P002,Office Chair,18,64
2025-07-14 05:19:18.312748,P002,Office Chair,20,44
2025-07-15 05:19:18.312748,P002,Office Chair,20,99
2025-07-16 05:19:18.312748,P002,Office Chair,22,77
2025-07-17 05:19:18.312748,P002,Office Chair,17,60
2025-07-18 05:19:18.312748,P002,Office Chair,18,42
2025-07-19 05:19:18.312748,P002,Office Chair,16,101
2025-07-20 05:19:18.312748,P002,Office Chair,18,83
2025-07-21 05:19:18.312748,P002,Office Chair,20,63
2025-07-22 05:19:18.312748,P002,Office Chair,21,42
2025-07-23 05:19:18.312748,P002,Office Chair,16,101
2025-07-24 05:19:18.312748,P002,Office Chair,21,80
2025-07-25 05:19:18.312748,P002,Office Chair,23,57
2025-07-26 05:19:18.312748,P002,Office Chair,20,37
2025-07-27 05:19:18.312748,P002,Office Chair,24,88
2025-07-28 05:19:18.312748,P002,Office Chair,16,72
2025-07-29 05:19:18.312748,P002,Office Chair,15,57
2025-07-30 05:19:18.312748,P002,Office Chair,13,44
2025-07-31 05:19:18.312748,P002,Office Chair,23,96
2025-08-01 05:19:18.312748,P002,Office Chair,20,76
2025-08-02 05:19:18.312748,P002,Office Chair,18,58
2025-08-03 05:19:18.312748,P002,Office Chair,19,39
2025-08-04 05:19:18.312748,P002,Office Chair,15,99
2025-08-05 05:19:18.312748,P002,Office Chair,25,74
2025-08-06 05:19:18.312748,P002,Office Chair,18,56
2025-08-07 05:19:18.312748,P002,Office Chair,18,38
2025-08-08 05:19:18.312748,P002,Office Chair,20,93
2025-08-09 05:19:18.312748,P002,Office Chair,19,74
2025-08-10 05:19:18.312748,P002,Office Chair,18,56
2025-08-11 05:19:18.312748,P002,Office Chair,15,41
2025-08-12 05:19:18.312748,P002,Office Chair,18,98
2025-08-13 05:19:18.312748,P002,Office Chair,23,75
2025-08-14 05:19:18.312748,P002,Office Chair,21,54
2025-08-15 05:19:18.312748,P002,Office Chair,21,33
2025-08-16 05:19:18.312748,P002,Office Chair,15,93
2025-08-17 05:19:18.312748,P002,Office Chair,13,80
2025-08-18 05:19:18.312748,P002,Office Chair,16,64
2025-08-19 05:19:18.312748,P002,Office Chair,16,48
2025-08-20 05:19:18.312748,P002,Office Chair,19,104
2025-08-21 05:19:18.312748,P002,Office Chair,11,93
2025-08-22 05:19:18.312748,P002,Office Chair,20,73
2025-08-23 05:19:18.312748,P002,Office Chair,15,58
2025-08-24 05:19:18.312748,P002,Office Chair,14,44
2025-08-25 05:19:18.312748,P002,Office Chair,12,32
2025-08-26 05:19:18.312748,P002,Office Chair,10,97
2025-08-27 05:19:18.312748,P002,Office Chair,17,80
2025-08-28 05:19:18.312748,P002,Office Chair,15,65
2025-08-29 05:19:18.312748,P002,Office Chair,11,54
2025-08-30 05:19:18.312748,P002,Office Chair,10,44
2025-08-31 05:19:18.312748,P002,Office Chair,13,31
2025-09-01 05:19:18.312748,P002,Office Chair,19,87
2025-09-02 05:19:18.312748,P002,Office Chair,13,74
2025-09-03 05:19:18.312748,P002,Office Chair,9,65
2025-09-04 05:19:18.312748,P002,Office Chair,13,52
2025-09-05 05:19:18.312748,P002,Office Chair,13,39
2025-09-06 05:19:18.312748,P002,Office Chair,5,34
2025-09-07 05:19:18.312748,P002,Office Chair,13,96
2025-09-08 05:19:18.312748,P002,Office Chair,12,84
2025-09-09 05:19:18.312748,P002,Office Chair,15,69
2025-09-10 05:19:18.312748,P002,Office Chair,18,51
2025-09-11 05:19:18.312748,P002,Office Chair,16,35
2025-09-12 05:19:18.312748,P002,Office Chair,12,98
2025-09-13 05:19:18.312748,P002,Office Chair,9,89
2025-09-14 05:19:18.312748,P002,Office Chair,20,69
2025-09-15 05:19:18.312748,P002,Office Chair,12,57
2025-09-16 05:19:18.312748,P002,Office Chair,12,45
2025-09-17 05:19:18.312748,P002,Office Chair,12,33
2025-09-18 05:19:18.312748,P002,Office Chair,12,96
2025-09-19 05:19:18.312748,P002,Office Chair,11,85
2025-09-20 05:19:18.312748,P002,Office Chair,10,75
2025-09-21 05:19:18.312748,P002,Office Chair,10,65
2025-09-22 05:19:18.312748,P002,Office Chair,11,54
2025-09-23 05:19:18.312748,P002,Office Chair,9,45
2025-09-24 05:19:18.312748,P002,Office Chair,9,36
2025-09-25 05:19:18.312748,P002,Office Chair,11,100
2025-09-26 05:19:18.312748,P002,Office Chair,10,90
2025-09-27 05:19:18.312748,P002,Office Chair,15,75
2025-09-28 05:19:18.312748,P002,Office Chair,3,72
2025-09-29 05:19:18.312748,P002,Office Chair,14,58
2025-09-30 05:19:18.312748,P002,Office Chair,14,44
2025-10-01 05:19:18.312748,P002,Office Chair,4,40
2025-10-02 05:19:18.312748,P002,Office Chair,9,31
2025-10-03 05:19:18.312748,P002,Office Chair,9,97
2025-10-04 05:19:18.312748,P002,Office Chair,6,91
2025-10-05 05:19:18.312748,P002,Office Chair,8,83
2025-10-06 05:19:18.312748,P002,Office Chair,7,76
2025-10-07 05:19:18.312748,P002,Office Chair,15,61
2025-10-08 05:19:18.312748,P002,Office Chair,13,48
2025-10-09 05:19:18.312748,P002,Office Chair,14,34
2025-10-10 05:19:18.312748,P002,Office Chair,12,97
2025-10-11 05:19:18.312748,P002,Office Chair,7,90
2025-10-12 05:19:18.312748,P002,Office Chair,8,82
2025-10-13 05:19:18.312748,P002,Office Chair,11,71
2025-10-14 05:19:18.312748,P002,Office Chair,6,65
2025-10-15 05:19:18.312748,P002,Office Chair,12,53
2025-10-16 05:19:18.312748,P002,Office Chair,9,44
2025-10-17 05:19:18.312748,P002,Office Chair,9,35
2025-10-18 05:19:18.312748,P002,Office Chair,12,98
2025-10-19 05:19:18.312748,P002,Office Chair,11,87
2025-10-20 05:19:18.312748,P002,Office Chair,9,78
2025-10-21 05:19:18.312748,P002,Office Chair,14,64
2025-10-22 05:19:18.312748,P002,Office Chair,7,57
2025-10-23 05:19:18.312748,P002,Office Chair,12,45
2025-10-24 05:19:18.312748,P002,Office Chair,12,33
2025-10-25 05:19:18.312748,P002,Office Chair,9,99
2025-10-26 05:19:18.312748,P002,Office Chair,11,88
2025-10-27 05:19:18.312748,P002,Office Chair,7,81
2025-10-28 05:19:18.312748,P002,Office Chair,13,68
2025-10-29 05:19:18.312748,P002,Office Chair,10,58
2025-10-30 05:19:18.312748,P002,Office Chair,9,49
2025-10-31 05:19:18.312748,P002,Office Chair,14,35
2025-11-01 05:19:18.312748,P002,Office Chair,9,101
2025-11-02 05:19:18.312748,P002,Office Chair,7,94
2025-11-03 05:19:18.312748,P002,Office Chair,6,88
2025-11-04 05:19:18.312748,P002,Office Chair,13,75
2025-11-05 05:19:18.312748,P002,Office Chair,7,68
2025-11-06 05:19:18.312748,P002,Office Chair,17,51
2025-11-07 05:19:18.312748,P002,Office Chair,5,46
2025-11-08 05:19:18.312748,P002,Office Chair,17,104
2025-11-09 05:19:18.312748,P002,Office Chair,12,92
2025-11-10 05:19:18.312748,P002,Office Chair,12,80
2025-11-11 05:19:18.312748,P002,Office Chair,10,70
2025-11-12 05:19:18.312748,P002,Office Chair,13,57
2025-11-13 05:19:18.312748,P002,Office Chair,12,45
2025-11-14 05:19:18.312748,P002,Office Chair,16,104
2025-11-15 05:19:18.312748,P002,Office Chair,13,91
2025-11-16 05:19:18.312748,P002,Office Chair,13,78
2025-11-17 05:19:18.312748,P002,Office Chair,12,66
2025-11-18 05:19:18.312748,P002,Office Chair,13,53
2025-11-19 05:19:18.312748,P002,Office Chair,14,39
2025-11-20 05:19:18.312748,P002,Office Chair,8,31
2025-11-21 05:19:18.312748,P002,Office Chair,9,97
2025-11-22 05:19:18.312748,P002,Office Chair,16,81
2025-11-23 05:19:18.312748,P002,Office Chair,14,67
2025-11-24 05:19:18.312748,P002,Office Chair,13,54
2025-11-25 05:19:18.312748,P002,Office Chair,14,40
2025-11-26 05:19:18.312748,P002,Office Chair,15,100
2025-11-27 05:19:18.312748,P002,Office Chair,13,87
2025-11-28 05:19:18.312748,P002,Office Chair,12,75
2024-11-29 05:19:18.312748,P003,USB Cable,101,1899
2024-11-30 05:19:18.312748,P003,USB Cable,91,2808
2024-12-01 05:19:18.312748,P003,USB Cable,106,2702
2024-12-02 05:19:18.312748,P003,USB Cable,86,2616
2024-12-03 05:19:18.312748,P003,USB Cable,114,2502
2024-12-04 05:19:18.312748,P003,USB Cable,109,2393
2024-12-05 05:19:18.312748,P003,USB Cable,108,2285
2024-12-06 05:19:18.312748,P003,USB Cable,117,2168
2024-12-07 05:19:18.312748,P003,USB Cable,124,2044
2024-12-08 05:19:18.312748,P003,USB Cable,119,2925
2024-12-09 05:19:18.312748,P003,USB Cable,91,2834
2024-12-10 05:19:18.312748,P003,USB Cable,98,2736
2024-12-11 05:19:18.312748,P003,USB Cable,105,2631
2024-12-12 05:19:18.312748,P003,USB Cable,113,2518
2024-12-13 05:19:18.312748,P003,USB Cable,119,2399
2024-12-14 05:19:18.312748,P003,USB Cable,107,2292
2024-12-15 05:19:18.312748,P003,USB Cable,117,2175
2024-12-16 05:19:18.312748,P003,USB Cable,109,2066
2024-12-17 05:19:18.312748,P003,USB Cable,111,2955
2024-12-18 05:19:18.312748,P003,USB Cable,104,2851
2024-12-19 05:19:18.312748,P003,USB Cable,109,2742
2024-12-20 05:19:18.312748,P003,USB Cable,106,2636
2024-12-21 05:19:18.312748,P003,USB Cable,110,2526
2024-12-22 05:19:18.312748,P003,USB Cable,131,2395
2024-12-23 05:19:18.312748,P003,USB Cable,112,2283
2024-12-24 05:19:18.312748,P003,USB Cable,149,2134
2024-12-25 05:19:18.312748,P003,USB Cable,128,2006
2024-12-26 05:19:18.312748,P003,USB Cable,125,2881
2024-12-27 05:19:18.312748,P003,USB Cable,116,2765
2024-12-28 05:19:18.312748,P003,USB Cable,132,2633
2024-12-29 05:19:18.312748,P003,USB Cable,120,2513
2024-12-30 05:19:18.312748,P003,USB Cable,127,2386
2024-12-31 05:19:18.312748,P003,USB Cable,152,2234
2025-01-01 05:19:18.312748,P003,USB Cable,126,2108
2025-01-02 05:19:18.312748,P003,USB Cable,139,2969
2025-01-03 05:19:18.312748,P003,USB Cable,121,2848
2025-01-04 05:19:18.312748,P003,USB Cable,128,2720
2025-01-05 05:19:18.312748,P003,USB Cable,146,2574
2025-01-06 05:19:18.312748,P003,USB Cable,122,2452
2025-01-07 05:19:18.312748,P003,USB Cable,147,2305
2025-01-08 05:19:18.312748,P003,USB Cable,136,2169
2025-01-09 05:19:18.312748,P003,USB Cable,124,2045
2025-01-10 05:19:18.312748,P003,USB Cable,136,2909
2025-01-11 05:19:18.312748,P003,USB Cable,139,2770
2025-01-12 05:19:18.312748,P003,USB Cable,136,2634
2025-01-13 05:19:18.312748,P003,USB Cable,114,2520
2025-01-14 05:19:18.312748,P003,USB Cable,122,2398
2025-01-15 05:19:18.312748,P003,USB Cable,127,2271
2025-01-16 05:19:18.312748,P003,USB Cable,129,2142
2025-01-17 05:19:18.312748,P003,USB Cable,135,2007
2025-01-18 05:19:18.312748,P003,USB Cable,131,2876
2025-01-19 05:19:18.312748,P003,USB Cable,116,2760
2025-01-20 05:19:18.312748,P003,USB Cable,133,2627
2025-01-21 05:19:18.312748,P003,USB Cable,135,2492
2025-01-22 05:19:18.312748,P003,USB Cable,134,2358
2025-01-23 05:19:18.312748,P003,USB Cable,139,2219
2025-01-24 05:19:18.312748,P003,USB Cable,136,2083
2025-01-25 05:19:18.312748,P003,USB Cable,132,2951
2025-01-26 05:19:18.312748,P003,USB Cable,126,2825
2025-01-27 05:19:18.312748,P003,USB Cable,110,2715
2025-01-28 05:19:18.312748,P003,USB Cable,130,2585
2025-01-29 05:19:18.312748,P003,USB Cable,127,2458
2025-01-30 05:19:18.312748,P003,USB Cable,127,2331
2025-01-31 05:19:18.312748,P003,USB Cable,111,2220
2025-02-01 05:19:18.312748,P003,USB Cable,113,2107
2025-02-02 05:19:18.312748,P003,USB Cable,133,2974
2025-02-03 05:19:18.312748,P003,USB Cable,122,2852
2025-02-04 05:19:18.312748,P003,USB Cable,128,2724
2025-02-05 05:19:18.312748,P003,USB Cable,121,2603
2025-02-06 05:19:18.312748,P003,USB Cable,120,2483
2025-02-07 05:19:18.312748,P003,USB Cable,129,2354
2025-02-08 05:19:18.312748,P003,USB Cable,113,2241
2025-02-09 05:19:18.312748,P003,USB Cable,119,2122
2025-02-10 05:19:18.312748,P003,USB Cable,112,2010
2025-02-11 05:19:18.312748,P003,USB Cable,112,2898
2025-02-12 05:19:18.312748,P003,USB Cable,112,2786
2025-02-13 05:19:18.312748,P003,USB Cable,117,2669
2025-02-14 05:19:18.312748,P003,USB Cable,109,2560
2025-02-15 05:19:18.312748,P003,USB Cable,125,2435
2025-02-16 05:19:18.312748,P003,USB Cable,103,2332
2025-02-17 05:19:18.312748,P003,USB Cable,109,2223
2025-02-18 05:19:18.312748,P003,USB Cable,105,2118
2025-02-19 05:19:18.312748,P003,USB Cable,123,2995
2025-02-20 05:19:18.312748,P003,USB Cable,110,2885
2025-02-21 05:19:18.312748,P003,USB Cable,117,2768
2025-02-22 05:19:18.312748,P003,USB Cable,91,2677
2025-02-23 05:19:18.312748,P003,USB Cable,107,2570
2025-02-24 05:19:18.312748,P003,USB Cable,113,2457
2025-02-25 05:19:18.312748,P003,USB Cable,103,2354
2025-02-26 05:19:18.312748,P003,USB Cable,112,2242
2025-02-27 05:19:18.312748,P003,USB Cable,95,2147
2025-02-28 05:19:18.312748,P003,USB Cable,114,2033
2025-03-01 05:19:18.312748,P003,USB Cable,121,2912
2025-03-02 05:19:18.312748,P003,USB Cable,94,2818
2025-03-03 05:19:18.312748,P003,USB Cable,92,2726
2025-03-04 05:19:18.312748,P003,USB Cable,110,2616
2025-03-05 05:19:18.312748,P003,USB Cable,110,2506
2025-03-06 05:19:18.312748,P003,USB Cable,88,2418
2025-03-07 05:19:18.312748,P003,USB Cable,88,2330
2025-03-08 05:19:18.312748,P003,USB Cable,89,2241
2025-03-09 05:19:18.312748,P003,USB Cable,77,2164
2025-03-10 05:19:18.312748,P003,USB Cable,80,2084
2025-03-11 05:19:18.312748,P003,USB Cable,78,2006
2025-03-12 05:19:18.312748,P003,USB Cable,80,2926
2025-03-13 05:19:18.312748,P003,USB Cable,86,2840
2025-03-14 05:19:18.312748,P003,USB Cable,88,2752
2025-03-15 05:19:18.312748,P003,USB Cable,100,2652
2025-03-16 05:19:18.312748,P003,USB Cable,74,2578
2025-03-17 05:19:18.312748,P003,USB Cable,93,2485
2025-03-18 05:19:18.312748,P003,USB Cable,80,2405
2025-03-19 05:19:18.312748,P003,USB Cable,81,2324
2025-03-20 05:19:18.312748,P003,USB Cable,87,2237
2025-03-21 05:19:18.312748,P003,USB Cable,68,2169
2025-03-22 05:19:18.312748,P003,USB Cable,83,2086
2025-03-23 05:19:18.312748,P003,USB Cable,80,2006
2025-03-24 05:19:18.312748,P003,USB Cable,82,2924
2025-03-25 05:19:18.312748,P003,USB Cable,80,2844
2025-03-26 05:19:18.312748,P003,USB Cable,101,2743
2025-03-27 05:19:18.312748,P003,USB Cable,69,2674
2025-03-28 05:19:18.312748,P003,USB Cable,70,2604
2025-03-29 05:19:18.312748,P003,USB Cable,68,2536
2025-03-30 05:19:18.312748,P003,USB Cable,68,2468
2025-03-31 05:19:18.312748,P003,USB Cable,67,2401
2025-04-01 05:19:18.312748,P003,USB Cable,85,2316
2025-04-02 05:19:18.312748,P003,USB Cable,86,2230
2025-04-03 05:19:18.312748,P003,USB Cable,66,2164
2025-04-04 05:19:18.312748,P003,USB Cable,63,2101
2025-04-05 05:19:18.312748,P003,USB Cable,76,2025
2025-04-06 05:19:18.312748,P003,USB Cable,65,2960
2025-04-07 05:19:18.312748,P003,USB Cable,77,2883
2025-04-08 05:19:18.312748,P003,USB Cable,72,2811
2025-04-09 05:19:18.312748,P003,USB Cable,55,2756
2025-04-10 05:19:18.312748,P003,USB Cable,85,2671
2025-04-11 05:19:18.312748,P003,USB Cable,88,2583
2025-04-12 05:19:18.312748,P003,USB Cable,63,2520
2025-04-13 05:19:18.312748,P003,USB Cable,66,2454
2025-04-14 05:19:18.312748,P003,USB Cable,72,2382
2025-04-15 05:19:18.312748,P003,USB Cable,73,2309
2025-04-16 05:19:18.312748,P003,USB Cable,76,2233
2025-04-17 05:19:18.312748,P003,USB Cable,90,2143
2025-04-18 05:19:18.312748,P003,USB Cable,68,2075
2025-04-19 05:19:18.312748,P003,USB Cable,62,2013
2025-04-20 05:19:18.312748,P003,USB Cable,56,2957
2025-04-21 05:19:18.312748,P003,USB Cable,63,2894
2025-04-22 05:19:18.312748,P003,USB Cable,70,2824
2025-04-23 05:19:18.312748,P003,USB Cable,89,2735
2025-04-24 05:19:18.312748,P003,USB Cable,66,2669
2025-04-25 05:19:18.312748,P003,USB Cable,74,2595
2025-04-26 05:19:18.312748,P003,USB Cable,72,2523
2025-04-27 05:19:18.312748,P003,USB Cable,84,2439
2025-04-28 05:19:18.312748,P003,USB Cable,98,2341
2025-04-29 05:19:18.312748,P003,USB Cable,68,2273
2025-04-30 05:19:18.312748,P003,USB Cable,69,2204
2025-05-01 05:19:18.312748,P003,USB Cable,85,2119
2025-05-02 05:19:18.312748,P003,USB Cable,82,2037
2025-05-03 05:19:18.312748,P003,USB Cable,94,2943
2025-05-04 05:19:18.312748,P003,USB Cable,82,2861
2025-05-05 05:19:18.312748,P003,USB Cable,73,2788
2025-05-06 05:19:18.312748,P003,USB Cable,83,2705
2025-05-07 05:19:18.312748,P003,USB Cable,89,2616
2025-05-08 05:19:18.312748,P003,USB Cable,87,2529
2025-05-09 05:19:18.312748,P003,USB Cable,85,2444
2025-05-10 05:19:18.312748,P003,USB Cable,91,2353
2025-05-11 05:19:18.312748,P003,USB Cable,93,2260
2025-05-12 05:19:18.312748,P003,USB Cable,96,2164
2025-05-13 05:19:18.312748,P003,USB Cable,89,2075
2025-05-14 05:19:18.312748,P003,USB Cable,82,2993
2025-05-15 05:19:18.312748,P003,USB Cable,86,2907
2025-05-16 05:19:18.312748,P003,USB Cable,98,2809
2025-05-17 05:19:18.312748,P003,USB Cable,78,2731
2025-05-18 05:19:18.312748,P003,USB Cable,91,2640
2025-05-19 05:19:18.312748,P003,USB Cable,84,2556
2025-05-20 05:19:18.312748,P003,USB Cable,90,2466
2025-05-21 05:19:18.312748,P003,USB Cable,103,2363
2025-05-22 05:19:18.312748,P003,USB Cable,93,2270
2025-05-23 05:19:18.312748,P003,USB Cable,93,2177
2025-05-24 05:19:18.312748,P003,USB Cable,80,2097
2025-05-25 05:19:18.312748,P003,USB Cable,102,2995
2025-05-26 05:19:18.312748,P003,USB Cable,102,2893
2025-05-27 05:19:18.312748,P003,USB Cable,118,2775
2025-05-28 05:19:18.312748,P003,USB Cable,94,2681
2025-05-29 05:19:18.312748,P003,USB Cable,101,2580
2025-05-30 05:19:18.312748,P003,USB Cable,102,2478
2025-05-31 05:19:18.312748,P003,USB Cable,116,2362
2025-06-01 05:19:18.312748,P003,USB Cable,101,2261
2025-06-02 05:19:18.312748,P003,USB Cable,105,2156
2025-06-03 05:19:18.312748,P003,USB Cable,110,2046
2025-06-04 05:19:18.312748,P003,USB Cable,107,2939
2025-06-05 05:19:18.312748,P003,USB Cable,101,2838
2025-06-06 05:19:18.312748,P003,USB Cable,109,2729
2025-06-07 05:19:18.312748,P003,USB Cable,118,2611
2025-06-08 05:19:18.312748,P003,USB Cable,98,2513
2025-06-09 05:19:18.312748,P003,USB Cable,111,2402
2025-06-10 05:19:18.312748,P003,USB Cable,104,2298
2025-06-11 05:19:18.312748,P003,USB Cable,124,2174
2025-06-12 05:19:18.312748,P003,USB Cable,97,2077
2025-06-13 05:19:18.312748,P003,USB Cable,108,2969
2025-06-14 05:19:18.312748,P003,USB Cable,118,2851
2025-06-15 05:19:18.312748,P003,USB Cable,131,2720
2025-06-16 05:19:18.312748,P003,USB Cable,115,2605
2025-06-17 05:19:18.312748,P003,USB Cable,111,2494
2025-06-18 05:19:18.312748,P003,USB Cable,137,2357
2025-06-19 05:19:18.312748,P003,USB Cable,104,2253
2025-06-20 05:19:18.312748,P003,USB Cable,97,2156
2025-06-21 05:19:18.312748,P003,USB Cable,125,2031
2025-06-22 05:19:18.312748,P003,USB Cable,116,2915
2025-06-23 05:19:18.312748,P003,USB Cable,111,2804
2025-06-24 05:19:18.312748,P003,USB Cable,129,2675
2025-06-25 05:19:18.312748,P003,USB Cable,125,2550
2025-06-26 05:19:18.312748,P003,USB Cable,118,2432
2025-06-27 05:19:18.312748,P003,USB Cable,111,2321
2025-06-28 05:19:18.312748,P003,USB Cable,133,2188
2025-06-29 05:19:18.312748,P003,USB Cable,132,2056
2025-06-30 05:19:18.312748,P003,USB Cable,125,2931
2025-07-01 05:19:18.312748,P003,USB Cable,145,2786
2025-07-02 05:19:18.312748,P003,USB Cable,116,2670
2025-07-03 05:19:18.312748,P003,USB Cable,112,2558
2025-07-04 05:19:18.312748,P003,USB Cable,121,2437
2025-07-05 05:19:18.312748,P003,USB Cable,127,2310
2025-07-06 05:19:18.312748,P003,USB Cable,131,2179
2025-07-07 05:19:18.312748,P003,USB Cable,126,2053
2025-07-08 05:19:18.312748,P003,USB Cable,132,2921
2025-07-09 05:19:18.312748,P003,USB Cable,116,2805
2025-07-10 05:19:18.312748,P003,USB Cable,144,2661
2025-07-11 05:19:18.312748,P003,USB Cable,128,2533
2025-07-12 05:19:18.312748,P003,USB Cable,141,2392
2025-07-13 05:19:18.312748,P003,USB Cable,133,2259
2025-07-14 05:19:18.312748,P003,USB Cable,134,2125
2025-07-15 05:19:18.312748,P003,USB Cable,135,2990
2025-07-16 05:19:18.312748,P003,USB Cable,134,2856
2025-07-17 05:19:18.312748,P003,USB Cable,136,2720
2025-07-18 05:19:18.312748,P003,USB Cable,143,2577
2025-07-19 05:19:18.312748,P003,USB Cable,131,2446
2025-07-20 05:19:18.312748,P003,USB Cable,136,2310
2025-07-21 05:19:18.312748,P003,USB Cable,128,2182
2025-07-22 05:19:18.312748,P003,USB Cable,143,2039
2025-07-23 05:19:18.312748,P003,USB Cable,121,2918
2025-07-24 05:19:18.312748,P003,USB Cable,146,2772
2025-07-25 05:19:18.312748,P003,USB Cable,127,2645
2025-07-26 05:19:18.312748,P003,USB Cable,113,2532
2025-07-27 05:19:18.312748,P003,USB Cable,128,2404
2025-07-28 05:19:18.312748,P003,USB Cable,119,2285
2025-07-29 05:19:18.312748,P003,USB Cable,134,2151
2025-07-30 05:19:18.312748,P003,USB Cable,119,2032
2025-07-31 05:19:18.312748,P003,USB Cable,120,2912
2025-08-01 05:19:18.312748,P003,USB Cable,105,2807
2025-08-02 05:19:18.312748,P003,USB Cable,119,2688
2025-08-03 05:19:18.312748,P003,USB Cable,99,2589
2025-08-04 05:19:18.312748,P003,USB Cable,106,2483
2025-08-05 05:19:18.312748,P003,USB Cable,129,2354
2025-08-06 05:19:18.312748,P003,USB Cable,129,2225
2025-08-07 05:19:18.312748,P003,USB Cable,124,2101
2025-08-08 05:19:18.312748,P003,USB Cable,110,2991
2025-08-09 05:19:18.312748,P003,USB Cable,118,2873
2025-08-10 05:19:18.312748,P003,USB Cable,118,2755
2025-08-11 05:19:18.312748,P003,USB Cable,105,2650
2025-08-12 05:19:18.312748,P003,USB Cable,131,2519
2025-08-13 05:19:18.312748,P003,USB Cable,124,2395
2025-08-14 05:19:18.312748,P003,USB Cable,112,2283
2025-08-15 05:19:18.312748,P003,USB Cable,114,2169
2025-08-16 05:19:18.312748,P003,USB Cable,115,2054
2025-08-17 05:19:18.312748,P003,USB Cable,91,2963
2025-08-18 05:19:18.312748,P003,USB Cable,108,2855
2025-08-19 05:19:18.312748,P003,USB Cable,103,2752
2025-08-20 05:19:18.312748,P003,USB Cable,99,2653
2025-08-21 05:19:18.312748,P003,USB Cable,105,2548
2025-08-22 05:19:18.312748,P003,USB Cable,125,2423
2025-08-23 05:19:18.312748,P003,USB Cable,112,2311
2025-08-24 05:19:18.312748,P003,USB Cable,99,2212
2025-08-25 05:19:18.312748,P003,USB Cable,109,2103
2025-08-26 05:19:18.312748,P003,USB Cable,117,2986
2025-08-27 05:19:18.312748,P003,USB Cable,111,2875
2025-08-28 05:19:18.312748,P003,USB Cable,101,2774
2025-08-29 05:19:18.312748,P003,USB Cable,93,2681
2025-08-30 05:19:18.312748,P003,USB Cable,105,2576
2025-08-31 05:19:18.312748,P003,USB Cable,101,2475
2025-09-01 05:19:18.312748,P003,USB Cable,105,2370
2025-09-02 05:19:18.312748,P003,USB Cable,102,2268
2025-09-03 05:19:18.312748,P003,USB Cable,105,2163
2025-09-04 05:19:18.312748,P003,USB Cable,88,2075
2025-09-05 05:19:18.312748,P003,USB Cable,105,2970
2025-09-06 05:19:18.312748,P003,USB Cable,93,2877
2025-09-07 05:19:18.312748,P003,USB Cable,111,2766
2025-09-08 05:19:18.312748,P003,USB Cable,82,2684
2025-09-09 05:19:18.312748,P003,USB Cable,106,2578
2025-09-10 05:19:18.312748,P003,USB Cable,89,2489
2025-09-11 05:19:18.312748,P003,USB Cable,80,2409
2025-09-12 05:19:18.312748,P003,USB Cable,81,2328
2025-09-13 05:19:18.312748,P003,USB Cable,81,2247
2025-09-14 05:19:18.312748,P003,USB Cable,88,2159
2025-09-15 05:19:18.312748,P003,USB Cable,88,2071
2025-09-16 05:19:18.312748,P003,USB Cable,76,2995
2025-09-17 05:19:18.312748,P003,USB Cable,81,2914
2025-09-18 05:19:18.312748,P003,USB Cable,102,2812
2025-09-19 05:19:18.312748,P003,USB Cable,97,2715
2025-09-20 05:19:18.312748,P003,USB Cable,83,2632
2025-09-21 05:19:18.312748,P003,USB Cable,78,2554
2025-09-22 05:19:18.312748,P003,USB Cable,79,2475
2025-09-23 05:19:18.312748,P003,USB Cable,83,2392
2025-09-24 05:19:18.312748,P003,USB Cable,66,2326
2025-09-25 05:19:18.312748,P003,USB Cable,73,2253
2025-09-26 05:19:18.312748,P003,USB Cable,58,2195
2025-09-27 05:19:18.312748,P003,USB Cable,78,2117
2025-09-28 05:19:18.312748,P003,USB Cable,80,2037
2025-09-29 05:19:18.312748,P003,USB Cable,68,2969
2025-09-30 05:19:18.312748,P003,USB Cable,88,2881
2025-10-01 05:19:18.312748,P003,USB Cable,60,2821
2025-10-02 05:19:18.312748,P003,USB Cable,57,2764
2025-10-03 05:19:18.312748,P003,USB Cable,74,2690
2025-10-04 05:19:18.312748,P003,USB Cable,82,2608
2025-10-05 05:19:18.312748,P003,USB Cable,88,2520
2025-10-06 05:19:18.312748,P003,USB Cable,66,2454
2025-10-07 05:19:18.312748,P003,USB Cable,81,2373
2025-10-08 05:19:18.312748,P003,USB Cable,70,2303
2025-10-09 05:19:18.312748,P003,USB Cable,68,2235
2025-10-10 05:19:18.312748,P003,USB Cable,79,2156
2025-10-11 05:19:18.312748,P003,USB Cable,76,2080
2025-10-12 05:19:18.312748,P003,USB Cable,54,2026
2025-10-13 05:19:18.312748,P003,USB Cable,84,2942
2025-10-14 05:19:18.312748,P003,USB Cable,83,2859
2025-10-15 05:19:18.312748,P003,USB Cable,63,2796
2025-10-16 05:19:18.312748,P003,USB Cable,74,2722
2025-10-17 05:19:18.312748,P003,USB Cable,75,2647
2025-10-18 05:19:18.312748,P003,USB Cable,72,2575
2025-10-19 05:19:18.312748,P003,USB Cable,65,2510
2025-10-20 05:19:18.312748,P003,USB Cable,64,2446
2025-10-21 05:19:18.312748,P003,USB Cable,70,2376
2025-10-22 05:19:18.312748,P003,USB Cable,83,2293
2025-10-23 05:19:18.312748,P003,USB Cable,77,2216
2025-10-24 05:19:18.312748,P003,USB Cable,68,2148
2025-10-25 05:19:18.312748,P003,USB Cable,80,2068
2025-10-26 05:19:18.312748,P003,USB Cable,44,2024
2025-10-27 05:19:18.312748,P003,USB Cable,84,2940
2025-10-28 05:19:18.312748,P003,USB Cable,56,2884
2025-10-29 05:19:18.312748,P003,USB Cable,70,2814
2025-10-30 05:19:18.312748,P003,USB Cable,63,2751
2025-10-31 05:19:18.312748,P003,USB Cable,62,2689
2025-11-01 05:19:18.312748,P003,USB Cable,87,2602
2025-11-02 05:19:18.312748,P003,USB Cable,71,2531
2025-11-03 05:19:18.312748,P003,USB Cable,80,2451
2025-11-04 05:19:18.312748,P003,USB Cable,77,2374
2025-11-05 05:19:18.312748,P003,USB Cable,83,2291
2025-11-06 05:19:18.312748,P003,USB Cable,80,2211
2025-11-07 05:19:18.312748,P003,USB Cable,67,2144
2025-11-08 05:19:18.312748,P003,USB Cable,90,2054
2025-11-09 05:19:18.312748,P003,USB Cable,76,2978
2025-11-10 05:19:18.312748,P003,USB Cable,66,2912
2025-11-11 05:19:18.312748,P003,USB Cable,79,2833
2025-11-12 05:19:18.312748,P003,USB Cable,99,2734
2025-11-13 05:19:18.312748,P003,USB Cable,93,2641
2025-11-14 05:19:18.312748,P003,USB Cable,82,2559
2025-11-15 05:19:18.312748,P003,USB Cable,83,2476
2025-11-16 05:19:18.312748,P003,USB Cable,84,2392
2025-11-17 05:19:18.312748,P003,USB Cable,109,2283
2025-11-18 05:19:18.312748,P003,USB Cable,93,2190
2025-11-19 05:19:18.312748,P003,USB Cable,95,2095
2025-11-20 05:19:18.312748,P003,USB Cable,102,2993
2025-11-21 05:19:18.312748,P003,USB Cable,95,2898
2025-11-22 05:19:18.312748,P003,USB Cable,91,2807
2025-11-23 05:19:18.312748,P003,USB Cable,92,2715
2025-11-24 05:19:18.312748,P003,USB Cable,95,2620
2025-11-25 05:19:18.312748,P003,USB Cable,96,2524
2025-11-26 05:19:18.312748,P003,USB Cable,105,2419
2025-11-27 05:19:18.312748,P003,USB Cable,99,2320
2025-11-28 05:19:18.312748,P003,USB Cable,107,2213
